#
# TABLE STRUCTURE FOR: comments
#
use greenfield;
TRUNCATE TABLE `comments`;

INSERT INTO `comments` (`id`, `text_comment`, `created_at`, `id_post`) VALUES (1, 'Ducimus iste velit fugiat blanditiis odio consequatur dolores nostrum. Nobis enim quis nobis quibusdam dolor asperiores.', '1988-03-31 00:52:32', 36);
INSERT INTO `comments` (`id`, `text_comment`, `created_at`, `id_post`) VALUES (2, 'Incidunt et aperiam unde molestiae et quis. Eaque rem adipisci qui est autem et vero. Ut itaque sunt cum molestiae sunt est accusamus qui. Ratione et veritatis consequatur explicabo. Animi et enim rem veniam quis molestiae.', '1991-12-20 20:02:18', 28);
INSERT INTO `comments` (`id`, `text_comment`, `created_at`, `id_post`) VALUES (3, 'Est est nihil voluptate debitis aut in. Rerum porro nostrum similique non. Rem aut consectetur magni iste eum est non.', '1975-03-09 01:20:28', 50);
INSERT INTO `comments` (`id`, `text_comment`, `created_at`, `id_post`) VALUES (4, 'Ab non rem omnis minus. Voluptatum magni aut ipsa minima. Voluptatem iure omnis ut veritatis error cum voluptas.', '2016-03-12 00:22:44', 4);
INSERT INTO `comments` (`id`, `text_comment`, `created_at`, `id_post`) VALUES (5, 'Quidem iusto ipsa cupiditate eos quisquam. Perferendis ratione reiciendis aut est hic facere rerum. Nesciunt aut sed impedit optio amet exercitationem optio. Et iusto magnam laborum eaque. Veniam soluta error animi pariatur omnis.', '2007-09-28 18:23:23', 1);
INSERT INTO `comments` (`id`, `text_comment`, `created_at`, `id_post`) VALUES (6, 'Beatae aliquam modi aliquid rerum impedit. Officia dolorem iste deserunt expedita. Ducimus et eos ad officiis.', '2015-08-29 05:23:02', 38);
INSERT INTO `comments` (`id`, `text_comment`, `created_at`, `id_post`) VALUES (7, 'Cumque ea perspiciatis in rerum itaque natus nam. Dolore sed reiciendis ut et mollitia. Nulla eligendi iste distinctio placeat dolorem. Cupiditate quas quidem a asperiores officia.', '2012-11-27 10:22:31', 11);
INSERT INTO `comments` (`id`, `text_comment`, `created_at`, `id_post`) VALUES (8, 'Dolore est cumque officiis mollitia quis sit aut. Laborum aperiam impedit deserunt rerum voluptas. Ex minus officia fugiat sunt.', '1983-05-24 15:04:37', 18);
INSERT INTO `comments` (`id`, `text_comment`, `created_at`, `id_post`) VALUES (9, 'Earum suscipit eum sunt at. Rerum rerum cumque voluptas ipsa odio velit sed. Et id quo similique voluptatem eum. Praesentium cum quia est hic ea.', '1972-05-16 01:38:07', 32);
INSERT INTO `comments` (`id`, `text_comment`, `created_at`, `id_post`) VALUES (10, 'Eum quas labore consequuntur iure et dolorum cupiditate. Est ut dolore quos odio. Consequatur aperiam non cum. Minima labore qui enim iste.', '1984-07-23 12:25:13', 38);
INSERT INTO `comments` (`id`, `text_comment`, `created_at`, `id_post`) VALUES (11, 'Voluptas ut perferendis beatae molestiae. Quia officiis aut molestiae quas quo necessitatibus aperiam. Autem iusto labore et nam.', '1976-06-24 10:44:16', 33);
INSERT INTO `comments` (`id`, `text_comment`, `created_at`, `id_post`) VALUES (12, 'Voluptatem ex aut optio et quaerat. Sed at dolores nobis architecto ex rem assumenda.', '2015-02-19 03:08:48', 32);
INSERT INTO `comments` (`id`, `text_comment`, `created_at`, `id_post`) VALUES (13, 'Quia soluta earum illum ut fugit est ipsa. Rerum omnis nisi et qui corrupti delectus. Sed enim velit culpa eum quam.', '2001-08-12 04:44:57', 8);
INSERT INTO `comments` (`id`, `text_comment`, `created_at`, `id_post`) VALUES (14, 'Repudiandae ducimus quas minima eos non quasi. Doloremque sapiente delectus est explicabo modi. Aut et cumque doloremque quam.', '1971-09-08 09:10:46', 47);
INSERT INTO `comments` (`id`, `text_comment`, `created_at`, `id_post`) VALUES (15, 'Iste pariatur ullam aut beatae molestiae. Consequatur nam omnis voluptas quae. Modi quaerat quia quaerat labore error.', '1988-09-02 00:57:45', 15);
INSERT INTO `comments` (`id`, `text_comment`, `created_at`, `id_post`) VALUES (16, 'Ullam architecto asperiores dolores officia aut sint reiciendis. Recusandae vitae est assumenda ut. Beatae non et quisquam explicabo aut omnis.', '1975-05-26 10:55:14', 29);
INSERT INTO `comments` (`id`, `text_comment`, `created_at`, `id_post`) VALUES (17, 'Sunt laboriosam voluptatem corporis. Qui eaque fugit ut quam quam pariatur nam. Quibusdam impedit omnis corrupti et.', '2011-03-11 18:57:25', 5);
INSERT INTO `comments` (`id`, `text_comment`, `created_at`, `id_post`) VALUES (18, 'Et beatae dolorum vitae molestias consequatur esse. Ut quos exercitationem laborum ipsum porro explicabo assumenda ipsa. Fugit placeat aperiam suscipit deserunt.', '2017-09-25 00:31:43', 44);
INSERT INTO `comments` (`id`, `text_comment`, `created_at`, `id_post`) VALUES (19, 'Eius assumenda autem eaque. Explicabo iure aut alias sint neque maiores officia. Quam ad mollitia voluptatum repudiandae.', '1983-10-09 06:16:18', 26);
INSERT INTO `comments` (`id`, `text_comment`, `created_at`, `id_post`) VALUES (20, 'Officiis ut et consequatur iste quod. Repellat quis illo sed numquam consectetur quia accusantium. Asperiores vero sit qui eligendi debitis. Eum alias alias corrupti est.', '1980-08-20 19:48:42', 3);
INSERT INTO `comments` (`id`, `text_comment`, `created_at`, `id_post`) VALUES (21, 'Culpa velit impedit beatae laborum. Sed consequatur et sunt cumque. Ab eos assumenda fuga vitae beatae et neque. Assumenda est et quis.', '2005-05-02 16:11:50', 33);
INSERT INTO `comments` (`id`, `text_comment`, `created_at`, `id_post`) VALUES (22, 'Voluptatem maxime ab ut. Mollitia fugit facilis dolores.', '1976-04-12 07:35:56', 20);
INSERT INTO `comments` (`id`, `text_comment`, `created_at`, `id_post`) VALUES (23, 'Placeat corrupti vero eum voluptas repellat. Tempore possimus sed cum nihil eos praesentium sunt omnis.', '2008-05-18 04:20:24', 43);
INSERT INTO `comments` (`id`, `text_comment`, `created_at`, `id_post`) VALUES (24, 'Delectus tenetur quod voluptatum ut. Sed est itaque cupiditate hic totam earum ad necessitatibus. Quia est omnis quam ab dolorem. Voluptate impedit recusandae necessitatibus amet culpa.', '1997-12-14 06:57:42', 14);
INSERT INTO `comments` (`id`, `text_comment`, `created_at`, `id_post`) VALUES (25, 'Quo hic soluta eos laudantium. Molestias cupiditate harum sed et non sint rerum. Voluptatem et enim repudiandae est.', '2004-03-16 13:46:56', 47);
INSERT INTO `comments` (`id`, `text_comment`, `created_at`, `id_post`) VALUES (26, 'Dolores in sequi et eum non labore. Nihil ut rerum ad enim sed quo vitae corporis. Natus dolorem omnis omnis sunt sed ex. Eum perspiciatis sapiente necessitatibus sit ipsum voluptatem dignissimos.', '2001-10-17 02:10:35', 11);
INSERT INTO `comments` (`id`, `text_comment`, `created_at`, `id_post`) VALUES (27, 'Eius eum iusto earum illum magnam. Ut et sed quam hic. Magnam dolorem maxime doloribus odio est commodi dolor in.', '2015-09-08 04:12:33', 40);
INSERT INTO `comments` (`id`, `text_comment`, `created_at`, `id_post`) VALUES (28, 'Modi atque sed perspiciatis inventore. Et dolorem aut alias deleniti praesentium iusto. Dolores minus corrupti et quia ut itaque optio perspiciatis. Perspiciatis tempore aut est.', '2001-05-08 19:46:58', 39);
INSERT INTO `comments` (`id`, `text_comment`, `created_at`, `id_post`) VALUES (29, 'Modi consequatur qui et incidunt perspiciatis. Aliquam itaque qui non hic non est. Iusto quo voluptatem officia doloribus quis provident voluptatem.', '2011-11-01 19:09:29', 27);
INSERT INTO `comments` (`id`, `text_comment`, `created_at`, `id_post`) VALUES (30, 'Velit ullam soluta vel hic. Ut maxime ipsam impedit est deleniti. Magnam pariatur exercitationem amet qui rem consequatur quo suscipit.', '1979-07-17 08:43:56', 35);
INSERT INTO `comments` (`id`, `text_comment`, `created_at`, `id_post`) VALUES (31, 'Voluptatem ducimus et nemo soluta dolorem omnis enim et. Vel quae delectus rerum sit aut laudantium illum. Et ab corrupti eum tenetur labore id sequi. Error neque tenetur ullam et architecto omnis.', '2016-03-06 18:44:30', 6);
INSERT INTO `comments` (`id`, `text_comment`, `created_at`, `id_post`) VALUES (32, 'Saepe omnis sit ut voluptatum dolores. Eaque earum quas est et minus expedita. Et nisi et illo dolores odit quasi. Inventore nobis delectus quia rerum delectus temporibus consectetur.', '1998-10-30 04:24:46', 12);
INSERT INTO `comments` (`id`, `text_comment`, `created_at`, `id_post`) VALUES (33, 'Ut et nemo earum consequatur. Optio quo sed repellendus laboriosam unde. Qui natus quos minima reprehenderit in possimus. Deserunt harum et et sint culpa asperiores.', '2008-02-04 05:55:28', 12);
INSERT INTO `comments` (`id`, `text_comment`, `created_at`, `id_post`) VALUES (34, 'Ut veritatis harum mollitia hic. Aut et asperiores omnis ut iste. Accusantium ea recusandae vel omnis.', '1975-07-23 21:42:28', 5);
INSERT INTO `comments` (`id`, `text_comment`, `created_at`, `id_post`) VALUES (35, 'Quaerat ut itaque molestias possimus et laudantium. Nam magni illum rerum veniam sunt sed.', '1993-11-04 08:07:43', 16);
INSERT INTO `comments` (`id`, `text_comment`, `created_at`, `id_post`) VALUES (36, 'Architecto sint quia ducimus libero. Et vel id officia reprehenderit. Iusto voluptate alias aut veniam architecto veritatis. Vel excepturi aut suscipit asperiores aut ut nesciunt.', '1972-07-01 20:01:03', 13);
INSERT INTO `comments` (`id`, `text_comment`, `created_at`, `id_post`) VALUES (37, 'Molestias est voluptatem adipisci eum ea nihil. Illum quod debitis perferendis temporibus non autem rerum. Earum eos velit iste ut quasi sunt. Maiores cum libero dignissimos aperiam est voluptatibus repudiandae voluptas.', '1971-09-17 15:47:40', 42);
INSERT INTO `comments` (`id`, `text_comment`, `created_at`, `id_post`) VALUES (38, 'Sunt doloribus voluptate debitis repellendus est quisquam rerum. Nostrum nisi est ullam labore dolore sequi. Qui quae fugit pariatur sed nostrum. Incidunt rerum maxime minima quia saepe.', '1987-06-22 10:39:37', 26);
INSERT INTO `comments` (`id`, `text_comment`, `created_at`, `id_post`) VALUES (39, 'Optio iste quaerat at. Pariatur vel est cupiditate modi distinctio. Explicabo reprehenderit deserunt eaque minima amet. Omnis cumque nulla nam enim itaque labore molestias.', '2000-05-21 02:05:40', 31);
INSERT INTO `comments` (`id`, `text_comment`, `created_at`, `id_post`) VALUES (40, 'Fuga sed neque commodi cupiditate. Iure beatae adipisci harum sunt. Velit ducimus ipsa hic id fugit autem non. Doloremque aut qui laboriosam praesentium aut. Fugiat eos qui rerum voluptatem recusandae.', '2004-01-13 11:14:56', 23);
INSERT INTO `comments` (`id`, `text_comment`, `created_at`, `id_post`) VALUES (41, 'Ut occaecati autem numquam qui. Provident labore ut dolor facere soluta. Adipisci explicabo pariatur distinctio adipisci accusantium. Rem sit velit dolores eveniet veniam error consequatur.', '1981-02-27 08:59:48', 14);
INSERT INTO `comments` (`id`, `text_comment`, `created_at`, `id_post`) VALUES (42, 'Illum aperiam adipisci ut et doloremque qui iusto. Incidunt et adipisci qui dolorum.', '2015-03-14 15:57:52', 14);
INSERT INTO `comments` (`id`, `text_comment`, `created_at`, `id_post`) VALUES (43, 'Quae cumque sunt minima dolore. Ut est enim illum praesentium ea deleniti. Nobis quis ipsum quia in voluptatum impedit.', '1990-11-05 07:07:09', 5);
INSERT INTO `comments` (`id`, `text_comment`, `created_at`, `id_post`) VALUES (44, 'Voluptate vero fugit magnam nobis ea. Commodi dicta non molestiae aut. Vel enim explicabo rerum in explicabo neque. Ut necessitatibus soluta possimus eius aut illo vel autem.', '1979-12-20 18:17:11', 21);
INSERT INTO `comments` (`id`, `text_comment`, `created_at`, `id_post`) VALUES (45, 'Accusamus at doloremque quisquam aliquid sapiente. Ipsum vel et in ut tempora officia quia. Sapiente aspernatur eum ex quia corrupti dolorem qui.', '1998-11-06 09:13:49', 10);
INSERT INTO `comments` (`id`, `text_comment`, `created_at`, `id_post`) VALUES (46, 'Amet minima est repellat esse tempora aut. Non laboriosam labore recusandae. Atque expedita magni consequuntur et ex. Eveniet numquam soluta fuga natus eos.', '1983-10-11 15:08:33', 19);
INSERT INTO `comments` (`id`, `text_comment`, `created_at`, `id_post`) VALUES (47, 'Totam odit et molestiae illum error in omnis suscipit. Id sit corporis facere qui nisi ut laboriosam enim.', '1977-10-11 02:10:30', 50);
INSERT INTO `comments` (`id`, `text_comment`, `created_at`, `id_post`) VALUES (48, 'In ut sapiente non eaque sed rerum distinctio. Cumque iusto eligendi deserunt exercitationem eveniet impedit. Et et ipsum laborum voluptas quidem culpa rerum. Esse magnam aut est laborum non pariatur dolorem.', '1978-08-24 19:38:14', 15);
INSERT INTO `comments` (`id`, `text_comment`, `created_at`, `id_post`) VALUES (49, 'Distinctio doloribus magnam mollitia sint beatae. Perferendis alias dolorem autem delectus.', '1985-05-10 11:05:23', 12);
INSERT INTO `comments` (`id`, `text_comment`, `created_at`, `id_post`) VALUES (50, 'Ea et et odio. Amet ea quis est est. Alias sint quibusdam quod rerum dignissimos ipsum. Aut eius omnis sed molestias quis. Aut nisi eos tenetur amet similique impedit.', '2002-10-17 09:04:03', 26);


#
# TABLE STRUCTURE FOR: posts
#

TRUNCATE TABLE `posts`;

INSERT INTO `posts` (`id`, `post_text`, `created_at`, `id_author`, `id_wall`) VALUES (1, 'Numquam nisi quod enim voluptatem sunt est molestias et. Et exercitationem placeat aliquid. Aut repellat et est rerum et.', '2002-10-02 19:11:49', 31, 23);
INSERT INTO `posts` (`id`, `post_text`, `created_at`, `id_author`, `id_wall`) VALUES (2, 'Totam fugiat sed illo id doloremque. Voluptatem iusto voluptatem doloribus. Quos suscipit itaque atque consequatur.', '2007-02-23 05:14:38', 50, 2);
INSERT INTO `posts` (`id`, `post_text`, `created_at`, `id_author`, `id_wall`) VALUES (3, 'Tempore nostrum maxime maxime et ipsum consequatur. Ut soluta illum distinctio porro dolorem voluptatibus. Molestiae velit tenetur quaerat iste. Itaque porro sunt et sit sed et quia.', '1985-06-07 12:53:47', 7, 37);
INSERT INTO `posts` (`id`, `post_text`, `created_at`, `id_author`, `id_wall`) VALUES (4, 'Voluptates dolor corporis ut quia rerum. Asperiores labore rerum ea odio iusto saepe. Et sit qui qui. Consequatur sint qui animi non molestiae fuga.', '1998-05-28 17:26:53', 5, 9);
INSERT INTO `posts` (`id`, `post_text`, `created_at`, `id_author`, `id_wall`) VALUES (5, 'Eos alias eos sed quia sed sit voluptates. Omnis et reiciendis ut harum. Quam quia eligendi quae.', '1981-06-22 11:56:00', 25, 38);
INSERT INTO `posts` (`id`, `post_text`, `created_at`, `id_author`, `id_wall`) VALUES (6, 'Numquam expedita voluptatem similique architecto odit voluptates consectetur vel. Non architecto dolor suscipit incidunt velit dolorum explicabo. Quaerat repellendus ut dolore mollitia repellat deleniti.', '1976-01-05 22:00:35', 4, 3);
INSERT INTO `posts` (`id`, `post_text`, `created_at`, `id_author`, `id_wall`) VALUES (7, 'Esse temporibus fugiat accusantium similique. Consectetur temporibus blanditiis facere labore. Autem ut sed vel accusantium suscipit. Occaecati nam animi ex.', '2008-12-23 14:40:31', 15, 36);
INSERT INTO `posts` (`id`, `post_text`, `created_at`, `id_author`, `id_wall`) VALUES (8, 'Voluptatibus consequatur laudantium necessitatibus ut. Accusamus eveniet accusantium repudiandae nobis esse. Incidunt neque aspernatur omnis est repellendus. Ut qui est molestiae eaque id labore. Itaque omnis autem ea aliquid sed.', '2014-07-20 08:17:47', 10, 9);
INSERT INTO `posts` (`id`, `post_text`, `created_at`, `id_author`, `id_wall`) VALUES (9, 'Quasi magnam et voluptatum repudiandae in quisquam. Aut quos totam enim qui. Ut ea eius eius ut consequatur.', '1985-06-28 05:23:09', 42, 28);
INSERT INTO `posts` (`id`, `post_text`, `created_at`, `id_author`, `id_wall`) VALUES (10, 'Rerum qui natus beatae distinctio. Exercitationem cupiditate dolore enim eligendi.', '1993-02-14 08:03:56', 41, 35);
INSERT INTO `posts` (`id`, `post_text`, `created_at`, `id_author`, `id_wall`) VALUES (11, 'Ratione et facere laudantium voluptatem. Facere natus doloribus quia reprehenderit vel. Nemo aut ea nemo minima architecto alias itaque.', '2006-12-13 11:21:33', 26, 31);
INSERT INTO `posts` (`id`, `post_text`, `created_at`, `id_author`, `id_wall`) VALUES (12, 'Illo minus pariatur nulla qui quis. Aut quia eveniet quae eveniet quia consequatur. Sequi incidunt laudantium qui aspernatur est illum.', '1989-06-25 14:36:05', 5, 32);
INSERT INTO `posts` (`id`, `post_text`, `created_at`, `id_author`, `id_wall`) VALUES (13, 'Vitae est dolores reprehenderit voluptas qui. Neque laboriosam placeat omnis nemo. Eveniet dolor nemo cupiditate pariatur adipisci.', '1997-08-20 17:06:47', 28, 10);
INSERT INTO `posts` (`id`, `post_text`, `created_at`, `id_author`, `id_wall`) VALUES (14, 'Quisquam dicta aut nemo. Omnis quo nemo reprehenderit ut qui. Et unde officia eius vero illum debitis. Nihil ut quia sint autem similique totam. Quos ducimus eius sed et blanditiis aut quae rerum.', '2007-04-04 11:16:33', 48, 34);
INSERT INTO `posts` (`id`, `post_text`, `created_at`, `id_author`, `id_wall`) VALUES (15, 'Aut in necessitatibus exercitationem ex omnis harum vitae. Consequatur explicabo rerum aut nihil. Commodi non facilis sed accusamus dolor voluptates voluptatem. Non praesentium est eveniet possimus.', '2012-09-29 14:12:43', 31, 30);
INSERT INTO `posts` (`id`, `post_text`, `created_at`, `id_author`, `id_wall`) VALUES (16, 'Temporibus consectetur expedita nostrum laboriosam voluptatem dolores. Dolor sed qui doloribus enim ex. Adipisci laboriosam voluptas asperiores sit quo adipisci fuga.', '2001-10-21 01:34:47', 11, 18);
INSERT INTO `posts` (`id`, `post_text`, `created_at`, `id_author`, `id_wall`) VALUES (17, 'Debitis animi voluptas est debitis qui sunt beatae. Qui sed aspernatur inventore doloribus. Et odit non cum vel voluptate quam animi sunt.', '2007-03-26 09:43:19', 47, 33);
INSERT INTO `posts` (`id`, `post_text`, `created_at`, `id_author`, `id_wall`) VALUES (18, 'Quis necessitatibus quas reprehenderit laboriosam. Harum laboriosam dicta dolore architecto odit magnam aut voluptate. Doloribus vero optio eum molestiae. Veritatis quia molestias sed necessitatibus autem.', '1979-12-05 12:18:09', 42, 37);
INSERT INTO `posts` (`id`, `post_text`, `created_at`, `id_author`, `id_wall`) VALUES (19, 'Est molestias ut et repellendus voluptas tempore dolorem. Maiores velit consequatur totam. Et est ipsa quos repudiandae eum hic dolor. Qui iure occaecati modi est sunt.', '1979-07-05 15:51:20', 44, 23);
INSERT INTO `posts` (`id`, `post_text`, `created_at`, `id_author`, `id_wall`) VALUES (20, 'Sit aut consequatur sunt beatae. Vitae vitae laboriosam eaque consequatur.', '2002-12-20 08:20:14', 27, 21);
INSERT INTO `posts` (`id`, `post_text`, `created_at`, `id_author`, `id_wall`) VALUES (21, 'Dicta minus eveniet accusamus error illo. Repellat incidunt dolorem quis rem quasi atque. Fugiat distinctio delectus aliquam.', '2009-08-16 23:49:27', 44, 9);
INSERT INTO `posts` (`id`, `post_text`, `created_at`, `id_author`, `id_wall`) VALUES (22, 'Quae molestiae aut libero commodi et. Iure rem consectetur sunt tenetur repellendus.', '2017-03-20 05:08:15', 18, 11);
INSERT INTO `posts` (`id`, `post_text`, `created_at`, `id_author`, `id_wall`) VALUES (23, 'Quia aut harum aut porro in provident et. Voluptatem non maiores deleniti ut qui. Eius sed harum deleniti animi commodi et id id. Deserunt a praesentium autem eos nisi aspernatur. Deleniti explicabo impedit facere nisi itaque porro.', '2008-05-04 17:51:51', 28, 45);
INSERT INTO `posts` (`id`, `post_text`, `created_at`, `id_author`, `id_wall`) VALUES (24, 'Quisquam quam est dolores dolor. Suscipit culpa ut qui distinctio quas sit. Dolor quis modi tenetur natus sapiente. Ratione repudiandae voluptatem dolorum dolor. Facere quis quo est aut temporibus.', '2000-10-08 22:42:34', 47, 36);
INSERT INTO `posts` (`id`, `post_text`, `created_at`, `id_author`, `id_wall`) VALUES (25, 'Quia nihil architecto magnam sit sed dignissimos asperiores. Autem soluta cum laudantium dolores velit. Vel quis soluta consequuntur consequuntur. Iusto assumenda dolorem neque totam corporis.', '1972-01-12 08:20:38', 30, 16);
INSERT INTO `posts` (`id`, `post_text`, `created_at`, `id_author`, `id_wall`) VALUES (26, 'Vel quas pariatur molestiae voluptas ducimus eligendi eos. Voluptatem officia beatae facilis qui similique. Sit sint perspiciatis quae dolorem. Nulla quod minima et ab at et.', '1972-08-30 22:55:08', 10, 35);
INSERT INTO `posts` (`id`, `post_text`, `created_at`, `id_author`, `id_wall`) VALUES (27, 'In ea optio impedit aut. Voluptatem quod quis quae amet doloribus quae. Nisi nemo fugit rem aut excepturi itaque deleniti.', '2004-09-01 06:49:58', 29, 49);
INSERT INTO `posts` (`id`, `post_text`, `created_at`, `id_author`, `id_wall`) VALUES (28, 'Voluptas maxime fugit maxime totam. Qui maxime aperiam blanditiis id.', '1974-02-04 11:58:19', 42, 14);
INSERT INTO `posts` (`id`, `post_text`, `created_at`, `id_author`, `id_wall`) VALUES (29, 'Deserunt vel molestiae ipsa molestiae voluptatum aut nisi. Quaerat id quasi eum.', '2002-05-16 00:12:33', 3, 13);
INSERT INTO `posts` (`id`, `post_text`, `created_at`, `id_author`, `id_wall`) VALUES (30, 'Nam hic facere nostrum dolores corrupti ipsam laborum. Aut qui quas veniam aut voluptas. Nobis nemo esse dolores est quae laudantium ad iste. Numquam maxime impedit ipsam qui non.', '1986-02-27 06:55:14', 20, 5);
INSERT INTO `posts` (`id`, `post_text`, `created_at`, `id_author`, `id_wall`) VALUES (31, 'Repellat atque ipsum et voluptates. Assumenda expedita molestiae beatae perspiciatis tempora magnam nesciunt. Veritatis excepturi sint fuga et dolorum earum asperiores vel. Odit repudiandae qui omnis suscipit natus eos possimus voluptas.', '1995-06-07 05:23:26', 37, 21);
INSERT INTO `posts` (`id`, `post_text`, `created_at`, `id_author`, `id_wall`) VALUES (32, 'Dolorem dolorum similique ea qui et similique. Sunt facere omnis temporibus. Libero ea aut id blanditiis placeat pariatur.', '1970-07-03 20:11:40', 26, 45);
INSERT INTO `posts` (`id`, `post_text`, `created_at`, `id_author`, `id_wall`) VALUES (33, 'Veniam accusantium laudantium quos distinctio molestiae impedit. Nesciunt et nihil amet consequatur. Voluptates ullam aut adipisci ipsam eos enim.', '1971-02-13 13:33:01', 48, 6);
INSERT INTO `posts` (`id`, `post_text`, `created_at`, `id_author`, `id_wall`) VALUES (34, 'Officiis accusantium molestiae dignissimos tenetur. Praesentium cupiditate natus nihil aliquam ut. Id placeat rerum nemo. Eligendi sed velit aperiam voluptas nihil voluptatibus qui.', '2010-11-08 17:54:59', 48, 49);
INSERT INTO `posts` (`id`, `post_text`, `created_at`, `id_author`, `id_wall`) VALUES (35, 'Veritatis aut consectetur mollitia sed enim provident. Dolor quo et aliquam eveniet repellat. Qui quas alias incidunt assumenda. Rem illum aut et. Repudiandae ut nihil ratione sint non esse autem.', '2016-07-27 03:52:45', 46, 49);
INSERT INTO `posts` (`id`, `post_text`, `created_at`, `id_author`, `id_wall`) VALUES (36, 'Ipsa molestiae id aperiam quisquam. Ullam et repellendus nam eum. Rem voluptatum id est. Dolores qui veritatis quae nulla voluptas est.', '2016-09-05 22:59:43', 37, 10);
INSERT INTO `posts` (`id`, `post_text`, `created_at`, `id_author`, `id_wall`) VALUES (37, 'Aut autem et dolorum. Dolores consectetur molestias voluptatum est adipisci quaerat tempore. Ad eius quidem neque labore a. Ut deserunt velit sunt ut sint ut deleniti harum. Cumque cupiditate optio consequuntur sint ea dolores reiciendis.', '1986-02-28 03:46:56', 13, 49);
INSERT INTO `posts` (`id`, `post_text`, `created_at`, `id_author`, `id_wall`) VALUES (38, 'Quia consequatur magni sapiente. Voluptatem voluptatibus similique laudantium. Placeat molestias cum impedit accusantium excepturi. Velit totam sunt alias aut modi quia.', '2003-04-20 18:12:30', 20, 31);
INSERT INTO `posts` (`id`, `post_text`, `created_at`, `id_author`, `id_wall`) VALUES (39, 'Quia ipsum delectus est ex enim ut. Quia impedit repellat harum error et. Debitis eum eos doloribus.', '1972-05-14 08:50:07', 33, 48);
INSERT INTO `posts` (`id`, `post_text`, `created_at`, `id_author`, `id_wall`) VALUES (40, 'Consequuntur deleniti voluptatem esse et voluptatem qui ipsa error. Sunt aut recusandae qui quia sequi earum sed. Ducimus voluptatem quia expedita consequatur accusantium ab pariatur.', '2009-08-01 15:26:08', 9, 9);
INSERT INTO `posts` (`id`, `post_text`, `created_at`, `id_author`, `id_wall`) VALUES (41, 'Quidem eum dolores necessitatibus ea. Deleniti omnis vel natus quam impedit sed. Vel ipsum dolorum exercitationem quo.', '2007-02-16 23:03:44', 17, 11);
INSERT INTO `posts` (`id`, `post_text`, `created_at`, `id_author`, `id_wall`) VALUES (42, 'Iste est suscipit voluptas reiciendis qui rerum et quo. Qui culpa adipisci atque officia quidem nihil qui. Nemo maiores earum dicta voluptate fugit magni quo. Maxime molestiae modi id consequatur laborum qui.', '2012-01-27 20:02:03', 5, 28);
INSERT INTO `posts` (`id`, `post_text`, `created_at`, `id_author`, `id_wall`) VALUES (43, 'Labore incidunt qui eos ducimus consequatur quisquam. Et aspernatur magnam eligendi qui magni quo quae.', '1992-08-05 12:49:12', 4, 35);
INSERT INTO `posts` (`id`, `post_text`, `created_at`, `id_author`, `id_wall`) VALUES (44, 'Et totam ducimus nisi. Voluptates aspernatur sit officia quam minus quia ut eius. Rerum excepturi accusantium eum nihil ipsam nemo. Saepe et quaerat veniam. Cupiditate et est numquam at voluptatem aut illum necessitatibus.', '1977-10-22 18:43:39', 15, 15);
INSERT INTO `posts` (`id`, `post_text`, `created_at`, `id_author`, `id_wall`) VALUES (45, 'Quae in dicta non sit praesentium illo. Iusto accusamus necessitatibus optio impedit ut nostrum. Iure qui nostrum consequuntur et. Consequatur cupiditate accusamus magnam quibusdam perspiciatis sit quisquam aut.', '1982-09-21 01:52:29', 22, 34);
INSERT INTO `posts` (`id`, `post_text`, `created_at`, `id_author`, `id_wall`) VALUES (46, 'Soluta et tempore eaque delectus nam. Molestiae repellendus incidunt ea similique.', '1999-08-30 08:34:12', 25, 1);
INSERT INTO `posts` (`id`, `post_text`, `created_at`, `id_author`, `id_wall`) VALUES (47, 'Error aut et quis. Reprehenderit est sapiente consequatur animi maiores voluptatibus sit. Vero vero ut tempora numquam repudiandae.', '1992-11-22 21:45:16', 24, 2);
INSERT INTO `posts` (`id`, `post_text`, `created_at`, `id_author`, `id_wall`) VALUES (48, 'Atque exercitationem consequatur officia placeat. Vitae reprehenderit consequatur qui ea nemo. Et dolorem dolore accusamus sint ut quae.', '1998-07-26 11:10:01', 24, 5);
INSERT INTO `posts` (`id`, `post_text`, `created_at`, `id_author`, `id_wall`) VALUES (49, 'Facere veritatis quo enim laboriosam voluptatem earum unde saepe. Qui alias itaque dignissimos ducimus.', '2006-03-18 03:10:56', 19, 5);
INSERT INTO `posts` (`id`, `post_text`, `created_at`, `id_author`, `id_wall`) VALUES (50, 'Cum nemo voluptate consequatur numquam error saepe nemo. Velit magni laudantium est nihil repellat ducimus laudantium. Dignissimos cumque libero odio commodi quia.', '2001-05-18 11:04:14', 22, 24);


#
# TABLE STRUCTURE FOR: status
#

TRUNCATE TABLE `status`;

INSERT INTO `status` (`id`, `text`) VALUES (1, 'Perspiciatis autem doloremque repudiandae dolores veritatis ut. Aut occaecati sit et corrupti optio. Ut impedit ut ea ut veniam aut. Voluptatem velit dolorem ut non provident et et minus.');
INSERT INTO `status` (`id`, `text`) VALUES (2, 'Cum dolor quibusdam omnis non aut vel. Expedita assumenda omnis veniam et hic autem laudantium architecto. Debitis inventore quia velit non possimus. Dolorem repellat minima perferendis quae beatae.');
INSERT INTO `status` (`id`, `text`) VALUES (3, 'Voluptas quos nihil expedita dolore omnis ratione fugiat. At ipsa eos dolorem quo et. Explicabo dolore maxime ut odit explicabo voluptatem.');
INSERT INTO `status` (`id`, `text`) VALUES (4, 'Et iste earum magnam porro qui rerum. Quo sit sed et magni quia praesentium. Vel rem recusandae consequatur molestiae nulla sunt.');
INSERT INTO `status` (`id`, `text`) VALUES (5, 'Voluptatem ipsum magnam ea dicta. Assumenda animi vitae est corporis est beatae. Natus autem architecto est adipisci. Cum est voluptatem quae voluptatum beatae natus at.');
INSERT INTO `status` (`id`, `text`) VALUES (6, 'Placeat laudantium sit excepturi voluptatem itaque eum ea. Est iusto nam et a eveniet quia qui. Temporibus voluptatem nihil et reprehenderit reprehenderit aut.');
INSERT INTO `status` (`id`, `text`) VALUES (7, 'Ullam hic asperiores odio doloribus quibusdam recusandae tenetur. Facilis doloribus aspernatur et. Enim rerum facere quis voluptatum quo.');
INSERT INTO `status` (`id`, `text`) VALUES (8, 'Itaque ipsum libero aut ab autem ex sed aut. Fuga occaecati esse ea illum. Distinctio aliquid est quae veniam iste.');
INSERT INTO `status` (`id`, `text`) VALUES (9, 'Minima et et laboriosam nostrum. Expedita sed aperiam similique molestias commodi consequatur. Mollitia sed eum a deleniti nisi et reprehenderit. Qui molestias doloremque veniam odio.');
INSERT INTO `status` (`id`, `text`) VALUES (10, 'Aperiam sunt consequatur nostrum eveniet. Cum esse eveniet est reprehenderit placeat nisi dolorum. Eius numquam assumenda et nam ut placeat.');
INSERT INTO `status` (`id`, `text`) VALUES (11, 'Dolor provident consequatur optio. Exercitationem harum sit voluptatum quasi. Et molestiae quae est non voluptate dolor.');
INSERT INTO `status` (`id`, `text`) VALUES (12, 'Sint repellendus itaque eum minus illum aut tempora dolorum. Est cumque eaque rerum. Eveniet quidem et nobis culpa corporis suscipit quasi. Non dolore qui alias eligendi qui.');
INSERT INTO `status` (`id`, `text`) VALUES (13, 'Deserunt sit aspernatur maiores cupiditate ipsam. Voluptas quae eaque eligendi tempora. Non sit vel repellendus aut aspernatur deserunt.');
INSERT INTO `status` (`id`, `text`) VALUES (14, 'Odit maiores sit consequatur. Quia voluptatum optio tenetur eveniet doloremque aperiam. Ipsa impedit dolorum esse modi ratione.');
INSERT INTO `status` (`id`, `text`) VALUES (15, 'Laborum occaecati neque fuga sint. Culpa unde qui vel eligendi ut nobis eius aut. Labore culpa eius temporibus deserunt dolore voluptatibus.');
INSERT INTO `status` (`id`, `text`) VALUES (16, 'Quis ab quis sed aut aperiam et quis. Perferendis ea iste pariatur adipisci cum temporibus. Eos ratione molestiae et optio repudiandae explicabo nisi.');
INSERT INTO `status` (`id`, `text`) VALUES (17, 'Doloremque dolore voluptas qui omnis. Magni deserunt culpa consequatur est voluptatibus. Vel iure ad asperiores quos aut ut nihil.');
INSERT INTO `status` (`id`, `text`) VALUES (18, 'Ipsum qui enim eum consequatur omnis. Earum rerum explicabo soluta quia neque rerum qui. Repellat rem expedita laborum ipsum et. Quis temporibus cumque est accusantium autem et voluptatem nam.');
INSERT INTO `status` (`id`, `text`) VALUES (19, 'Quia in est molestiae est occaecati voluptas qui voluptatibus. Dolor officia quaerat libero doloribus omnis id.');
INSERT INTO `status` (`id`, `text`) VALUES (20, 'Voluptatem odio tenetur libero rerum dolor sed at commodi. Nihil molestias perferendis praesentium. Qui dolor voluptas incidunt ad ratione architecto.');
INSERT INTO `status` (`id`, `text`) VALUES (21, 'Sint delectus voluptates dignissimos sint totam qui. Voluptatibus aut officia mollitia corrupti aperiam id consequatur. Voluptas quasi maiores incidunt consequuntur reiciendis nobis.');
INSERT INTO `status` (`id`, `text`) VALUES (22, 'Autem dolorem sit culpa cum voluptas doloribus id. Quaerat nesciunt sit dolore eos non culpa ex. Architecto incidunt ad cumque accusamus dolores velit vero. Ut deleniti quisquam ut quo repudiandae.');
INSERT INTO `status` (`id`, `text`) VALUES (23, 'Quod voluptas quis quibusdam cumque repudiandae aperiam eveniet rem. Dolores nihil voluptatem facere tempore dolores quaerat nihil. Minima numquam repellat sed sapiente sed maiores.');
INSERT INTO `status` (`id`, `text`) VALUES (24, 'Nihil in alias odit velit qui et. Sit facilis nihil quam itaque veritatis blanditiis sint. Omnis quia officiis adipisci.');
INSERT INTO `status` (`id`, `text`) VALUES (25, 'Sequi eum est voluptatibus esse. Occaecati nihil fuga facere repellendus dolorum exercitationem aperiam. Odio qui necessitatibus quibusdam iure quis. Temporibus mollitia dignissimos aut quo numquam.');
INSERT INTO `status` (`id`, `text`) VALUES (26, 'Repudiandae quia temporibus ipsum ad voluptas voluptates voluptatem. Odio dignissimos numquam ratione quis voluptatem commodi.');
INSERT INTO `status` (`id`, `text`) VALUES (27, 'Ipsa sed culpa possimus est non optio. Odio odit quo itaque molestiae debitis illo sapiente nostrum. Eius cumque minima iusto ea eos aut.');
INSERT INTO `status` (`id`, `text`) VALUES (28, 'Assumenda enim culpa nobis omnis non consequatur. In explicabo enim exercitationem sunt quos.');
INSERT INTO `status` (`id`, `text`) VALUES (29, 'Inventore commodi minima reiciendis illo recusandae. Dolore animi fugit quo eos eum placeat doloremque.');
INSERT INTO `status` (`id`, `text`) VALUES (30, 'Distinctio sunt iusto at. Neque rem assumenda qui commodi in soluta. Nisi sit incidunt cupiditate maxime eius officia tempore. Aut animi reprehenderit architecto officia voluptatem.');
INSERT INTO `status` (`id`, `text`) VALUES (31, 'Saepe eos praesentium est facilis libero esse. Et et sint delectus facere. Sint voluptatem et eveniet quod qui.');
INSERT INTO `status` (`id`, `text`) VALUES (32, 'Natus perspiciatis culpa veniam fugit et sit. Ad omnis ut ipsam est quis minus. Facilis velit quia aspernatur enim rerum ut rem.\nIn eum et rerum dicta est. Ex non velit alias beatae.');
INSERT INTO `status` (`id`, `text`) VALUES (33, 'Mollitia harum qui est libero corporis consequatur. Eaque et recusandae perspiciatis doloribus qui ducimus quidem ea. Et ipsam tempore cumque quia.');
INSERT INTO `status` (`id`, `text`) VALUES (34, 'Quasi temporibus ut reprehenderit cum quis praesentium. Nisi magnam commodi est dolorum velit accusantium modi officia. Quidem ut dolores laudantium labore tempora.');
INSERT INTO `status` (`id`, `text`) VALUES (35, 'Commodi consectetur sed voluptatem maxime voluptatibus quos expedita. Voluptatem quo suscipit nobis aut similique magni qui eveniet.');
INSERT INTO `status` (`id`, `text`) VALUES (36, 'Voluptate voluptatem dolor exercitationem animi sint. Ea aut possimus repellat qui cupiditate. Suscipit qui et sint consectetur harum nulla.');
INSERT INTO `status` (`id`, `text`) VALUES (37, 'Est aut quo sed animi quis. Voluptatibus veritatis distinctio aut illo et praesentium ut.');
INSERT INTO `status` (`id`, `text`) VALUES (38, 'Et est modi nisi quaerat qui corporis. Qui dignissimos pariatur rerum ex ad. Quo voluptas ut qui repellat doloremque veritatis quia. Porro accusantium consequatur commodi beatae officia.');
INSERT INTO `status` (`id`, `text`) VALUES (39, 'Voluptas sed delectus consequuntur nihil voluptatibus. Laudantium amet suscipit sit totam. Nostrum eligendi tempore saepe culpa explicabo quia.');
INSERT INTO `status` (`id`, `text`) VALUES (40, 'Expedita tempore et ut qui aut voluptas. Voluptas dignissimos voluptas iure libero molestias. Quo magnam quo veritatis accusamus eos.');
INSERT INTO `status` (`id`, `text`) VALUES (41, 'Ad praesentium nihil qui corrupti et dolores ab. Similique est quibusdam non non soluta odio dolores. Officiis optio ipsum vitae aut omnis facere qui expedita. Perferendis nemo amet dolor non.');
INSERT INTO `status` (`id`, `text`) VALUES (42, 'Voluptatem distinctio qui error. Ut consequuntur ut excepturi sunt soluta eum. Nostrum ipsum est ratione repellat doloremque dolorum corporis.');
INSERT INTO `status` (`id`, `text`) VALUES (43, 'Quaerat aliquam perferendis sed doloribus quam esse. Voluptatibus perferendis hic nihil sapiente et nisi.');
INSERT INTO `status` (`id`, `text`) VALUES (44, 'Quia sint sint velit cupiditate hic rerum. Repellat voluptatem consectetur dolor placeat aut ipsam id. Ex repellat nobis maxime exercitationem.');
INSERT INTO `status` (`id`, `text`) VALUES (45, 'Voluptatem sint modi et non. Numquam optio saepe sed. Fugiat eos velit sint eius magnam non sunt.\nSint et voluptas accusantium consequatur eius. Ipsum qui aut quis est tempora id esse.');
INSERT INTO `status` (`id`, `text`) VALUES (46, 'Vero incidunt quidem id ad repudiandae reprehenderit. Ut quia amet repellendus vitae minus saepe laudantium. Delectus nam accusamus est est debitis nihil aliquid sunt. Dolor fugit perspiciatis eos.');
INSERT INTO `status` (`id`, `text`) VALUES (47, 'Suscipit adipisci et quos. Totam labore sed repellendus sit velit et. Fuga nesciunt sint molestias non repellendus possimus impedit natus.');
INSERT INTO `status` (`id`, `text`) VALUES (48, 'Consequatur quia omnis animi soluta at beatae. Iste suscipit enim dolor assumenda non aliquam officiis. Laboriosam dolor aut at est qui.');
INSERT INTO `status` (`id`, `text`) VALUES (49, 'Unde deserunt quia blanditiis autem officiis. Id quas quidem accusamus porro eos. Sed eum non veritatis repellendus earum. Laudantium occaecati enim consequatur vero iusto sunt.');
INSERT INTO `status` (`id`, `text`) VALUES (50, 'Illum est dolor recusandae voluptas impedit. Eveniet dolores laborum sed. Facilis libero qui error voluptatem id.');


#
# TABLE STRUCTURE FOR: user_friends
#

TRUNCATE TABLE `user_friends`;

INSERT INTO `user_friends` (`id`, `id_one`, `id_two`) VALUES (1, 31, 4);
INSERT INTO `user_friends` (`id`, `id_one`, `id_two`) VALUES (2, 22, 9);
INSERT INTO `user_friends` (`id`, `id_one`, `id_two`) VALUES (3, 11, 15);
INSERT INTO `user_friends` (`id`, `id_one`, `id_two`) VALUES (4, 25, 2);
INSERT INTO `user_friends` (`id`, `id_one`, `id_two`) VALUES (5, 7, 32);
INSERT INTO `user_friends` (`id`, `id_one`, `id_two`) VALUES (6, 10, 21);
INSERT INTO `user_friends` (`id`, `id_one`, `id_two`) VALUES (7, 29, 21);
INSERT INTO `user_friends` (`id`, `id_one`, `id_two`) VALUES (8, 30, 50);
INSERT INTO `user_friends` (`id`, `id_one`, `id_two`) VALUES (9, 14, 44);
INSERT INTO `user_friends` (`id`, `id_one`, `id_two`) VALUES (10, 19, 34);
INSERT INTO `user_friends` (`id`, `id_one`, `id_two`) VALUES (11, 44, 43);
INSERT INTO `user_friends` (`id`, `id_one`, `id_two`) VALUES (12, 50, 11);
INSERT INTO `user_friends` (`id`, `id_one`, `id_two`) VALUES (13, 19, 35);
INSERT INTO `user_friends` (`id`, `id_one`, `id_two`) VALUES (14, 29, 49);
INSERT INTO `user_friends` (`id`, `id_one`, `id_two`) VALUES (15, 9, 44);
INSERT INTO `user_friends` (`id`, `id_one`, `id_two`) VALUES (16, 13, 23);
INSERT INTO `user_friends` (`id`, `id_one`, `id_two`) VALUES (17, 33, 14);
INSERT INTO `user_friends` (`id`, `id_one`, `id_two`) VALUES (18, 5, 47);
INSERT INTO `user_friends` (`id`, `id_one`, `id_two`) VALUES (19, 49, 35);
INSERT INTO `user_friends` (`id`, `id_one`, `id_two`) VALUES (20, 46, 46);
INSERT INTO `user_friends` (`id`, `id_one`, `id_two`) VALUES (21, 25, 17);
INSERT INTO `user_friends` (`id`, `id_one`, `id_two`) VALUES (22, 33, 18);
INSERT INTO `user_friends` (`id`, `id_one`, `id_two`) VALUES (23, 12, 13);
INSERT INTO `user_friends` (`id`, `id_one`, `id_two`) VALUES (24, 21, 3);
INSERT INTO `user_friends` (`id`, `id_one`, `id_two`) VALUES (25, 25, 7);
INSERT INTO `user_friends` (`id`, `id_one`, `id_two`) VALUES (26, 13, 21);
INSERT INTO `user_friends` (`id`, `id_one`, `id_two`) VALUES (27, 23, 34);
INSERT INTO `user_friends` (`id`, `id_one`, `id_two`) VALUES (28, 46, 41);
INSERT INTO `user_friends` (`id`, `id_one`, `id_two`) VALUES (29, 31, 47);
INSERT INTO `user_friends` (`id`, `id_one`, `id_two`) VALUES (30, 41, 23);
INSERT INTO `user_friends` (`id`, `id_one`, `id_two`) VALUES (31, 8, 13);
INSERT INTO `user_friends` (`id`, `id_one`, `id_two`) VALUES (32, 45, 31);
INSERT INTO `user_friends` (`id`, `id_one`, `id_two`) VALUES (33, 6, 42);
INSERT INTO `user_friends` (`id`, `id_one`, `id_two`) VALUES (34, 41, 6);
INSERT INTO `user_friends` (`id`, `id_one`, `id_two`) VALUES (35, 6, 7);
INSERT INTO `user_friends` (`id`, `id_one`, `id_two`) VALUES (36, 30, 28);
INSERT INTO `user_friends` (`id`, `id_one`, `id_two`) VALUES (37, 34, 13);
INSERT INTO `user_friends` (`id`, `id_one`, `id_two`) VALUES (38, 22, 32);
INSERT INTO `user_friends` (`id`, `id_one`, `id_two`) VALUES (39, 48, 17);
INSERT INTO `user_friends` (`id`, `id_one`, `id_two`) VALUES (40, 47, 9);
INSERT INTO `user_friends` (`id`, `id_one`, `id_two`) VALUES (41, 42, 38);
INSERT INTO `user_friends` (`id`, `id_one`, `id_two`) VALUES (42, 48, 19);
INSERT INTO `user_friends` (`id`, `id_one`, `id_two`) VALUES (43, 46, 32);
INSERT INTO `user_friends` (`id`, `id_one`, `id_two`) VALUES (44, 31, 2);
INSERT INTO `user_friends` (`id`, `id_one`, `id_two`) VALUES (45, 39, 6);
INSERT INTO `user_friends` (`id`, `id_one`, `id_two`) VALUES (46, 7, 33);
INSERT INTO `user_friends` (`id`, `id_one`, `id_two`) VALUES (47, 23, 20);
INSERT INTO `user_friends` (`id`, `id_one`, `id_two`) VALUES (48, 35, 46);
INSERT INTO `user_friends` (`id`, `id_one`, `id_two`) VALUES (49, 47, 26);
INSERT INTO `user_friends` (`id`, `id_one`, `id_two`) VALUES (50, 30, 29);


#
# TABLE STRUCTURE FOR: users
#

TRUNCATE TABLE `users`;

INSERT INTO `users` (`id`, `username`, `password`, `full_name`, `profile_picture`, `work`, `vodka_consumption`, `created_at`, `id_status`) VALUES (1, 'jdavis', '9e12481ef2c97d15808ed30a558914f083356585', 'Elias Upton PhD', 'https://source.unsplash.com/400x400/?robot', 'error', 3, '1988-12-21 19:16:59', NULL);
INSERT INTO `users` (`id`, `username`, `password`, `full_name`, `profile_picture`, `work`, `vodka_consumption`, `created_at`, `id_status`) VALUES (2, 'becker.sandy', '0d421abd287b86a7869c0936f3ee8020963100d9', 'Prof. Kyle Gorczany', 'https://source.unsplash.com/400x400/?robot', 'facere', 3, '1976-05-31 03:05:13', NULL);
INSERT INTO `users` (`id`, `username`, `password`, `full_name`, `profile_picture`, `work`, `vodka_consumption`, `created_at`, `id_status`) VALUES (3, 'julian44', '60a7be2836f91fc5f497aa107b59eb9f8556957e', 'Rhoda Sipes', 'https://source.unsplash.com/400x400/?robot', 'aut', 0, '1994-07-20 21:37:03', NULL);
INSERT INTO `users` (`id`, `username`, `password`, `full_name`, `profile_picture`, `work`, `vodka_consumption`, `created_at`, `id_status`) VALUES (4, 'dell.white', '3ff7daa5a32cdf39e27b812d93e5f80f1f188932', 'Jeremy Kunze', 'https://source.unsplash.com/400x400/?robot', 'voluptatem', 0, '1980-12-20 09:04:10', NULL);
INSERT INTO `users` (`id`, `username`, `password`, `full_name`, `profile_picture`, `work`, `vodka_consumption`, `created_at`, `id_status`) VALUES (5, 'lehner.theresa', '0eab537b678200f649ac6e6db551b5b222eb60f6', 'Jacky Blanda', 'https://source.unsplash.com/400x400/?robot', 'error', 3, '1976-12-13 23:21:13', NULL);
INSERT INTO `users` (`id`, `username`, `password`, `full_name`, `profile_picture`, `work`, `vodka_consumption`, `created_at`, `id_status`) VALUES (6, 'connelly.torrance', 'e5ddad7242687e471c3df9b8e705296fc84f40c9', 'Reymundo Bartoletti', 'https://source.unsplash.com/400x400/?robot', 'consequatur', 9, '2016-01-06 06:57:29', NULL);
INSERT INTO `users` (`id`, `username`, `password`, `full_name`, `profile_picture`, `work`, `vodka_consumption`, `created_at`, `id_status`) VALUES (7, 'swaniawski.rusty', 'bbe45be78c5dea553322a478e5f42ffca2ea447c', 'Hortense Bosco', 'https://source.unsplash.com/400x400/?robot', 'nemo', 4, '1990-07-22 02:59:15', NULL);
INSERT INTO `users` (`id`, `username`, `password`, `full_name`, `profile_picture`, `work`, `vodka_consumption`, `created_at`, `id_status`) VALUES (8, 'jermaine.collier', 'd24e67107efa293b220bf09662d691707f34fb7f', 'Viva Shields', 'https://source.unsplash.com/400x400/?robot', 'nesciunt', 0, '2017-04-11 10:29:39', NULL);
INSERT INTO `users` (`id`, `username`, `password`, `full_name`, `profile_picture`, `work`, `vodka_consumption`, `created_at`, `id_status`) VALUES (9, 'ogreenholt', '359a26d0bb0540269a5c73f94d9c3dce7c15c99d', 'Adele Moen', 'https://source.unsplash.com/400x400/?robot', 'rerum', 3, '1975-07-24 22:41:01', NULL);
INSERT INTO `users` (`id`, `username`, `password`, `full_name`, `profile_picture`, `work`, `vodka_consumption`, `created_at`, `id_status`) VALUES (10, 'josie74', '63fec0c7965f1a3b4f1beadc5e6eb25ffe2cbb61', 'Tristian Hoeger DVM', 'https://source.unsplash.com/400x400/?robot', 'assumenda', 7, '1996-06-11 03:43:52', NULL);
INSERT INTO `users` (`id`, `username`, `password`, `full_name`, `profile_picture`, `work`, `vodka_consumption`, `created_at`, `id_status`) VALUES (11, 'deckow.ubaldo', '19b3dcbecc4da45138e2e0b4fbbf44f7f231db15', 'Chance Kuvalis', 'https://source.unsplash.com/400x400/?robot', 'at', 7, '2015-12-29 05:17:19', NULL);
INSERT INTO `users` (`id`, `username`, `password`, `full_name`, `profile_picture`, `work`, `vodka_consumption`, `created_at`, `id_status`) VALUES (12, 'daisha.botsford', '3f40a054308ea41de95b95343b4cdfa397af0e56', 'Jermaine Beahan', 'https://source.unsplash.com/400x400/?robot', 'quo', 5, '2001-07-09 07:29:38', NULL);
INSERT INTO `users` (`id`, `username`, `password`, `full_name`, `profile_picture`, `work`, `vodka_consumption`, `created_at`, `id_status`) VALUES (13, 'oswald92', '312d821b4b1a8c0d2cff8d1162334ea6c286516f', 'Marques Bernier Jr.', 'https://source.unsplash.com/400x400/?robot', 'qui', 6, '1973-12-05 18:04:03', NULL);
INSERT INTO `users` (`id`, `username`, `password`, `full_name`, `profile_picture`, `work`, `vodka_consumption`, `created_at`, `id_status`) VALUES (14, 'hegmann.winfield', '5277c5f2f25f474d2f87d4c2dfcd0c55a653f7da', 'Modesto Wehner', 'https://source.unsplash.com/400x400/?robot', 'corrupti', 6, '1992-01-27 12:56:34', NULL);
INSERT INTO `users` (`id`, `username`, `password`, `full_name`, `profile_picture`, `work`, `vodka_consumption`, `created_at`, `id_status`) VALUES (15, 'marge.skiles', 'd2815f16ed9710a14eb97cfdb8dd35a3f23d4fbc', 'Joannie Durgan', 'https://source.unsplash.com/400x400/?robot', 'totam', 7, '1991-06-12 22:02:27', NULL);
INSERT INTO `users` (`id`, `username`, `password`, `full_name`, `profile_picture`, `work`, `vodka_consumption`, `created_at`, `id_status`) VALUES (16, 'salvatore.dach', 'eb9d819c5875036de8ad43b8d9c05216ed216596', 'Henri Mills', 'https://source.unsplash.com/400x400/?robot', 'explicabo', 4, '2010-03-17 17:47:06', NULL);
INSERT INTO `users` (`id`, `username`, `password`, `full_name`, `profile_picture`, `work`, `vodka_consumption`, `created_at`, `id_status`) VALUES (17, 'ignatius99', 'cc21c2ce94fb11e6f50323b5850a524eb2f08a13', 'Josue Berge', 'https://source.unsplash.com/400x400/?robot', 'deserunt', 4, '2011-12-01 16:22:53', NULL);
INSERT INTO `users` (`id`, `username`, `password`, `full_name`, `profile_picture`, `work`, `vodka_consumption`, `created_at`, `id_status`) VALUES (18, 'elissa70', 'b76974e1f57a0391e11db28396c3e0dea0b68885', 'Tom Thompson', 'https://source.unsplash.com/400x400/?robot', 'sit', 4, '2013-09-15 10:46:25', NULL);
INSERT INTO `users` (`id`, `username`, `password`, `full_name`, `profile_picture`, `work`, `vodka_consumption`, `created_at`, `id_status`) VALUES (19, 'cprosacco', '138772a9d27c9b1f74d5743f53624b374c0421b3', 'Dr. Jedidiah Kshlerin PhD', 'https://source.unsplash.com/400x400/?robot', 'dolore', 6, '1983-04-27 10:30:31', NULL);
INSERT INTO `users` (`id`, `username`, `password`, `full_name`, `profile_picture`, `work`, `vodka_consumption`, `created_at`, `id_status`) VALUES (20, 'lkulas', '6a4c5a00acc99f0291c10f731ba45abdee2c1497', 'Grace Smitham', 'https://source.unsplash.com/400x400/?robot', 'qui', 2, '1974-11-04 23:10:46', NULL);
INSERT INTO `users` (`id`, `username`, `password`, `full_name`, `profile_picture`, `work`, `vodka_consumption`, `created_at`, `id_status`) VALUES (21, 'ramona83', 'e7ed136eea6a9078b2c08fc646748458b500557f', 'Francisco Walsh', 'https://source.unsplash.com/400x400/?robot', 'fugit', 7, '2013-04-30 08:22:16', NULL);
INSERT INTO `users` (`id`, `username`, `password`, `full_name`, `profile_picture`, `work`, `vodka_consumption`, `created_at`, `id_status`) VALUES (22, 'leila33', '1364761790ccc1dd7ff7502b3986378b6694a7ad', 'Kurt Fadel', 'https://source.unsplash.com/400x400/?robot', 'architecto', 9, '2005-05-08 08:22:24', NULL);
INSERT INTO `users` (`id`, `username`, `password`, `full_name`, `profile_picture`, `work`, `vodka_consumption`, `created_at`, `id_status`) VALUES (23, 'russel.rosalia', '4e12e2d637a8eacadff35358647f78621de0ef76', 'Joan Cummings', 'https://source.unsplash.com/400x400/?robot', 'est', 8, '2004-09-11 11:54:45', NULL);
INSERT INTO `users` (`id`, `username`, `password`, `full_name`, `profile_picture`, `work`, `vodka_consumption`, `created_at`, `id_status`) VALUES (24, 'bettie.bergnaum', '36648917d2470b7768ed21f8ebff8751e4c54186', 'Alice Herman', 'https://source.unsplash.com/400x400/?robot', 'praesentium', 4, '1983-01-15 10:08:05', NULL);
INSERT INTO `users` (`id`, `username`, `password`, `full_name`, `profile_picture`, `work`, `vodka_consumption`, `created_at`, `id_status`) VALUES (25, 'elissa73', 'b5f778712d286f7d51c784fd200b4ffe03eb960e', 'Bernhard Effertz II', 'https://source.unsplash.com/400x400/?robot', 'vel', 8, '1980-05-29 14:10:03', NULL);
INSERT INTO `users` (`id`, `username`, `password`, `full_name`, `profile_picture`, `work`, `vodka_consumption`, `created_at`, `id_status`) VALUES (26, 'rippin.boyd', '2ba4efa2cd572c2a68ccaf7492dfa46c4d743f20', 'Dr. Juston Kunze', 'https://source.unsplash.com/400x400/?robot', 'qui', 1, '1977-12-20 08:51:41', NULL);
INSERT INTO `users` (`id`, `username`, `password`, `full_name`, `profile_picture`, `work`, `vodka_consumption`, `created_at`, `id_status`) VALUES (27, 'kuvalis.reilly', 'ffcab962e1c962528ebe9105be001141bbab8e55', 'Corbin Block', 'https://source.unsplash.com/400x400/?robot', 'nesciunt', 9, '1978-05-05 16:38:24', NULL);
INSERT INTO `users` (`id`, `username`, `password`, `full_name`, `profile_picture`, `work`, `vodka_consumption`, `created_at`, `id_status`) VALUES (28, 'hhills', 'e4ed09c62485de4c19b1a4a86b93890771b325c6', 'Mr. Kareem Fisher', 'https://source.unsplash.com/400x400/?robot', 'eum', 6, '2008-03-11 01:56:01', NULL);
INSERT INTO `users` (`id`, `username`, `password`, `full_name`, `profile_picture`, `work`, `vodka_consumption`, `created_at`, `id_status`) VALUES (29, 'xgusikowski', '07e58fe4da3cae2cceffcc350b98e761aedf0491', 'Deanna Gottlieb', 'https://source.unsplash.com/400x400/?robot', 'non', 0, '1973-06-07 14:19:55', NULL);
INSERT INTO `users` (`id`, `username`, `password`, `full_name`, `profile_picture`, `work`, `vodka_consumption`, `created_at`, `id_status`) VALUES (30, 'bauch.clyde', 'a22ddba1783084dbe62172e679de9fb9357371ff', 'Shirley Deckow', 'https://source.unsplash.com/400x400/?robot', 'vel', 1, '1981-09-26 06:41:05', NULL);
INSERT INTO `users` (`id`, `username`, `password`, `full_name`, `profile_picture`, `work`, `vodka_consumption`, `created_at`, `id_status`) VALUES (31, 'coy96', '8611df74113a9b8dbc133f669b9d6ea2ca0dacd0', 'Hazle Runolfsson', 'https://source.unsplash.com/400x400/?robot', 'minima', 1, '2000-10-12 19:35:30', NULL);
INSERT INTO `users` (`id`, `username`, `password`, `full_name`, `profile_picture`, `work`, `vodka_consumption`, `created_at`, `id_status`) VALUES (32, 'jessika.koss', 'baea33a84a45d319c890db1d217fd69f2deacc8d', 'Laurence McDermott', 'https://source.unsplash.com/400x400/?robot', 'corporis', 7, '1972-07-08 09:24:46', NULL);
INSERT INTO `users` (`id`, `username`, `password`, `full_name`, `profile_picture`, `work`, `vodka_consumption`, `created_at`, `id_status`) VALUES (33, 'mariela74', 'd4b21973b0fc252ce98901627a2af9806da43ec7', 'Mr. Sylvan Rogahn', 'https://source.unsplash.com/400x400/?robot', 'voluptates', 6, '2011-10-08 09:22:24', NULL);
INSERT INTO `users` (`id`, `username`, `password`, `full_name`, `profile_picture`, `work`, `vodka_consumption`, `created_at`, `id_status`) VALUES (34, 'evie.dickens', '07dc30232ea30fefbd2ad224e73b05261fa3254d', 'Abigale Gibson', 'https://source.unsplash.com/400x400/?robot', 'quas', 2, '1987-04-04 22:11:45', NULL);
INSERT INTO `users` (`id`, `username`, `password`, `full_name`, `profile_picture`, `work`, `vodka_consumption`, `created_at`, `id_status`) VALUES (35, 'rosie01', 'f4a5d917ec737f62b8dce8e2fc555146616b5ff6', 'Kasey Rogahn', 'https://source.unsplash.com/400x400/?robot', 'repellendus', 7, '1995-05-19 08:50:41', NULL);
INSERT INTO `users` (`id`, `username`, `password`, `full_name`, `profile_picture`, `work`, `vodka_consumption`, `created_at`, `id_status`) VALUES (36, 'loyal47', '95351b33febe37a77be0fc43fc468f646f6cff28', 'Keon Mayer', 'https://source.unsplash.com/400x400/?robot', 'dolorem', 5, '2015-10-25 16:54:08', NULL);
INSERT INTO `users` (`id`, `username`, `password`, `full_name`, `profile_picture`, `work`, `vodka_consumption`, `created_at`, `id_status`) VALUES (37, 'reid.walter', 'de69c95263541e45542bdcae4023ba1dda169b56', 'Joanie Bins', 'https://source.unsplash.com/400x400/?robot', 'autem', 8, '1995-02-03 04:06:22', NULL);
INSERT INTO `users` (`id`, `username`, `password`, `full_name`, `profile_picture`, `work`, `vodka_consumption`, `created_at`, `id_status`) VALUES (38, 'macejkovic.constance', 'a575080eb348a99ee256a044b13dc4ccd6d1aad8', 'Reece Bernhard', 'https://source.unsplash.com/400x400/?robot', 'optio', 9, '2001-10-02 02:36:58', NULL);
INSERT INTO `users` (`id`, `username`, `password`, `full_name`, `profile_picture`, `work`, `vodka_consumption`, `created_at`, `id_status`) VALUES (39, 'gbatz', 'bb1d32252826aa0c5494714c5cf87d2755fbe5ba', 'Everett Bogisich', 'https://source.unsplash.com/400x400/?robot', 'occaecati', 8, '1986-05-02 20:08:45', NULL);
INSERT INTO `users` (`id`, `username`, `password`, `full_name`, `profile_picture`, `work`, `vodka_consumption`, `created_at`, `id_status`) VALUES (40, 'edward.doyle', '7da41f74766d772cc35490299fd4c02f78b274f7', 'Dr. Jed Nienow II', 'https://source.unsplash.com/400x400/?robot', 'enim', 7, '2018-02-16 22:17:10', NULL);
INSERT INTO `users` (`id`, `username`, `password`, `full_name`, `profile_picture`, `work`, `vodka_consumption`, `created_at`, `id_status`) VALUES (41, 'zheathcote', '0e75a087aa04c2361a4b84c68a0558c83b6550b6', 'Hank Upton', 'https://source.unsplash.com/400x400/?robot', 'amet', 2, '2001-02-23 23:51:08', NULL);
INSERT INTO `users` (`id`, `username`, `password`, `full_name`, `profile_picture`, `work`, `vodka_consumption`, `created_at`, `id_status`) VALUES (42, 'elynch', '36f4517099d1a6a1190ba6426c64315ab6f5f99f', 'Rebekah Carter', 'https://source.unsplash.com/400x400/?robot', 'nulla', 8, '1993-07-05 17:18:43', NULL);
INSERT INTO `users` (`id`, `username`, `password`, `full_name`, `profile_picture`, `work`, `vodka_consumption`, `created_at`, `id_status`) VALUES (43, 'vcorkery', '6e30e180b46631b7cd06ccb829f78523f5929872', 'Elliot Jast', 'https://source.unsplash.com/400x400/?robot', 'id', 8, '1981-05-24 18:37:28', NULL);
INSERT INTO `users` (`id`, `username`, `password`, `full_name`, `profile_picture`, `work`, `vodka_consumption`, `created_at`, `id_status`) VALUES (44, 'kamryn67', '747d20480ded9c1df05253432696b0aa3028a6c3', 'Ena O\'Hara', 'https://source.unsplash.com/400x400/?robot', 'architecto', 8, '1970-06-26 15:01:18', NULL);
INSERT INTO `users` (`id`, `username`, `password`, `full_name`, `profile_picture`, `work`, `vodka_consumption`, `created_at`, `id_status`) VALUES (45, 'mariela.labadie', 'ffd2395697f3b8ab611ef3be6c29c36fbdead221', 'Eudora Halvorson', 'https://source.unsplash.com/400x400/?robot', 'accusamus', 3, '2000-07-16 07:45:06', NULL);
INSERT INTO `users` (`id`, `username`, `password`, `full_name`, `profile_picture`, `work`, `vodka_consumption`, `created_at`, `id_status`) VALUES (46, 'umoen', '033987bfc32b4221f50c9725872aba90e528aa45', 'Lenore Fay', 'https://source.unsplash.com/400x400/?robot', 'fugiat', 9, '1971-12-04 07:11:41', NULL);
INSERT INTO `users` (`id`, `username`, `password`, `full_name`, `profile_picture`, `work`, `vodka_consumption`, `created_at`, `id_status`) VALUES (47, 'stephan65', '21c3a56a93255e3b5f4b6d97a64ad4fc41bf3b71', 'Madelyn Goldner', 'https://source.unsplash.com/400x400/?robot', 'commodi', 1, '2000-09-07 06:58:52', NULL);
INSERT INTO `users` (`id`, `username`, `password`, `full_name`, `profile_picture`, `work`, `vodka_consumption`, `created_at`, `id_status`) VALUES (48, 'julien.collins', 'b15bbecaa05b3eb59a60ff203514a1955b2c2994', 'Gia O\'Hara', 'https://source.unsplash.com/400x400/?robot', 'ut', 8, '1972-06-17 11:46:53', NULL);
INSERT INTO `users` (`id`, `username`, `password`, `full_name`, `profile_picture`, `work`, `vodka_consumption`, `created_at`, `id_status`) VALUES (49, 'armstrong.thalia', '754903fd3268c471590fcd592321833316c62cfc', 'Daphne Kohler MD', 'https://source.unsplash.com/400x400/?robot', 'ducimus', 6, '1987-10-02 17:56:01', NULL);
INSERT INTO `users` (`id`, `username`, `password`, `full_name`, `profile_picture`, `work`, `vodka_consumption`, `created_at`, `id_status`) VALUES (50, 'lambert53', 'a26fa666848d1e0eb7e1d9003ecc932c8da68ac8', 'Susana Runolfsdottir', 'https://source.unsplash.com/400x400/?robot', 'voluptas', 1, '1995-11-26 16:23:09', NULL);
